Date,Headline,Content,URL
2024-05-20 02:18:02 +0000,Olympic dreams in 3D: Australian swimmers turn to VR goggles in pursuit of Paris gold | Nicole Jeffrey,Australia’s swim team are using virtual reality to practice relay changeovers and cut fractions of a second off their times,https://www.theguardian.com/sport/article/2024/may/20/paris-olympics-australia-swim-team-vr-headsets-relay-practice
2024-05-20 01:59:43 +0000,"Aussies Smith, Keeney chase diving gold in Paris",Anabelle Smith and Maddision Keeney will be part of a strong Australian diving squad at the Paris Olympics.,https://www.perthnow.com.au/sport/diving/aussies-smith-keeney-chase-diving-gold-in-paris-c-14729937
2024-05-20 01:38:46 +0000,Edgar Cheung wins gold at Shanghai Grand Prix,"Edgar Cheung won gold at the 2024 Shanghai Foil Grand Prix on Sunday, beating Gerek Meinhardt of the United States 15-7 in the final. The reigning Oly...",https://news.rthk.hk/rthk/en/component/k2/1753853-20240520.htm
2024-05-20 01:31:27 +0000,Schauffele finally adds some major silverware to Olympic gold,"Xander Schauffele finally added some elusive silverware to his Olympic gold, shedding the title of golf's nearly man on Sunday with a dramatic birdie on the final hole to win the PGA Championship and hoist the massive Wanamaker Trophy.A week after squandering a two-shot lead in the final round at th...",https://www.channelnewsasia.com/sport/schauffele-finally-adds-some-major-silverware-olympic-gold-4348491
2024-05-20 01:26:13 +0000,Australian teenager Arisa Trew boosts Olympic skateboard hopes with Shanghai gold,Teenager Arisa Trew’s star continues to rise after the Australian skateboarder won gold in the women’s park final at the Paris Olympic qualifiers in Shanghai,https://www.theguardian.com/sport/article/2024/may/20/arisa-trew-australia-skateboard-olympic-qualifier-series-shanghai-paris
2024-05-20 00:35:00 +0000,"Gold Edges Higher Amid Haven Demand, Fed Cut Hopes",text/html...,https://www.wsj.com/articles/gold-edges-higher-amid-haven-demand-fed-cut-hopes-66912d5c
2024-05-20 00:04:15 +0000,Black Cat claws funding boost,"The Paulsens gold operation. Image: Northern Star Resources

Black Cat Syndicate has locked in a turn-key funding package for its Kal East gold project in Western Australia, allowing it to focus on th...",https://www.australianmining.com.au/black-cat-claws-funding-boost/
2024-05-19 23:18:33 +0000,Haaland wins second Premier League Golden Boot,"MANCHESTER, May 20 — Erling Haaland won his second Premier League Golden Boot in as many seasons in England on Sunday as Manchester City beat West Ham 3-1 to win a fourth...",https://www.malaymail.com/news/sports/2024/05/20/haaland-wins-second-premier-league-golden-boot/135377
2024-05-19 23:09:43 +0000,"Pavement Gets Their First Gold Record, Thanks to TikTok","Photo: Burak Cingi/Redferns

TikTok tends to anoint a very specific type of artist. Dancey, young, conventionally attractive. Your Addison Raes, Bellas Poarch, and Stephen Malkmusses. Yes, one of the ...",https://www.vulture.com/article/pavement-harness-your-hopes-tiktok-certified-gold.html
2024-05-19 22:08:47 +0000,Spot silver tops $30 an ounce to hit highest since 2013 | Bloomberg News,"Spot silver surpassed $30 an ounce to hit the highest level in more than a decade. The precious metal closed 6.5 percent higher at $31.49 an ounce Friday, the highest since February 2013. It has soared 32 percent this year, outpacing gold and making it one of the year’s best-performing…",https://businessmirror.com.ph/2024/05/20/spot-silver-tops-30-an-ounce-to-hit-highest-since-2013/
2024-05-19 21:22:02 +0000,Haaland wins Golden Boot for second year in a row,"Shaka Hislop and the ""ESPN FC"" crew discuss what it takes to beat Manchester City in the Premier League title race, and how just one loss in 18 games spelled failure for Arsenal. (2:50)

Shaka Hislop:...",https://www.espn.com/soccer/story/_/id/40179742/man-citys-erling-haaland-wins-premier-league-golden-boot
2024-05-19 21:00:04 +0000,Sustained bullish momentum seen for gold,,https://www.businesstimes.com.sg/companies-markets/sustained-bullish-momentum-seen-gold
2024-05-19 20:42:43 +0000,Responsible Dialogue on the “Goldwater Rule” Must Continue,"“We must do all we can to maintain a harmonious household.” — Thomas Jefferson, played by Gabriel Ebert, at a moment of conflict in Suzan-Lori Parks’ play Sally & Tom, based on Jefferson and Sally Hem...",https://www.psychologytoday.com/sg/blog/the-pacific-heart/202405/responsible-dialogue-on-the-goldwater-rule-must-continue
2024-05-19 20:01:48 +0000,2024 Barrick gold stock forecast the analysts,,https://hiropo.click/call/tahqivuxry
2024-05-19 19:06:54 +0000,New Jersey's Tyric Trapp improves on last year's results to win National Golden Gloves title - The Ring,"After falling short in last year’s National Golden Gloves and Olympic trials, Tyric Trapp knew he had some adjustments to make. The 24-year from Red Bank, N.J. returned to Gleason’s Gym Jersey Shore with the goal of turning his weaknesses into his strengths and becoming more comfortable in the ring....",https://www.ringtv.com/670304-new-jerseys-tyric-trapp-improves-on-last-years-results-to-win-national-golden-gloves-title/
2024-05-19 19:00:00 +0000,"Dutton’s grim picture is close to reality, but his migration schtick isn’t the solution","In treating migration as his golden leadership goose, Peter Dutton is making a classic political mistake, which is to identify your strength and then over-emphasise it.",https://www.theage.com.au/politics/federal/dutton-s-grim-picture-is-close-to-reality-but-his-migration-schtick-isn-t-the-solution-20240517-p5jel7.html?ref=rss
2024-05-19 18:57:09 +0000,Hapoel Jerusalem runs over Maccabi Tel Aviv for 2nd straight State Cup title,"For Hapoel Jerusalem, this day wasn't just about basketball - it was for those enduring hardship due to the war, and for club superfan Hersh Goldberg-Polin, still held hostage.",https://m.jpost.com/israel-news/sports/article-801795
2024-05-19 18:43:48 +0000,Notts dancers blow BGT judges away and Bruno 'broke' golden buzzer,"In means they are automatically guaranteed a place in the live semi finals, and many of the boys were in tears on stage",https://www.nottinghampost.com/news/nottingham-news/nottingham-dancers-blow-itv-britains-9293532
2024-05-19 18:35:00 +0000,"Inflation Is A Policy. Gold Does Not Reflect Monetary Destruction, Yet","Authored by Daniel Lacalle,

The money supply is rising again, and persistent inflation is not a surprise. Inflation occurs when the amount of currency increases significantly above private sector dem...",https://www.zerohedge.com/economics/inflation-policy-gold-does-not-reflect-monetary-destruction-yet
2024-05-19 18:26:16 +0000,"Are those mimes spying on us? In Pakistan, it's not a strange question","Today, the ""golden men"" of Islamabad have been added to the ranks of the conspiracy theories sprouted, knocked down and rehashed every day across the city",https://www.business-standard.com/world-news/are-those-mimes-spying-on-us-in-pakistan-it-s-not-a-strange-question-124051900734_1.html
2024-05-19 17:54:43 +0000,The name Magnificent 7 needs to be retired - Goldman (NYSEARCA:SPY),Goldman Sachs says the sobriquet Magnificent 7 needs to be retired following first-quarter results.,https://seekingalpha.com/news/4108149-the-name-magnificent-7-needs-to-be-retired-goldman
2024-05-19 17:52:27 +0000,Erling Haaland: Man City forward wins back-to-back Premier League Golden Boots,Manchester City forward Erling Haaland becomes the first player to win the Premier League Golden Boot award outright in back-to-back seasons since Tottenham's Harry Kane.,https://www.bbc.com/sport/football/articles/cn030xzz357o
2024-05-19 17:18:47 +0000,GOLD Barrick Gold (GOLD) has rallied in the past four weeks and some recent weakness in the U,dollar is getting. 204. Ustaaz Raayyaa Abbaa Maccaa 33ffaa guutuu isaa new 2020Listen to playlists featuring Raayyaa Abbaa Maccaa 33ffaa Guutuu ......,https://themy-bestprizes.life/?u=f31yu1y&o=mhxka94&t=UNIQ&cid=co39qkbi49qk
2024-05-19 17:10:24 +0000,Michael Burry and John Paulson hit the jackpot when they called the housing crash. Now they're betting on gold.,Michael Burry bought about $8 million worth of a trust that owns physical gold bullion. John Paulson has been betting big on gold for years.,https://ca.finance.yahoo.com/news/michael-burry-john-paulson-hit-170701514.html
2024-05-19 16:13:02 +0000,"3929 Martha St, Omaha, NE 68105  - 2 beds/1 baths","Allocating 30% of your income to rent hits the sweet spot between comfort and affordability. This golden rule ensures you can secure a place to truly call home, leaving enough room in your budget for essentials, setting aside some savings, and a bit of discretionary spending. With 30%, you can strik...",https://www.redfin.com/NE/Omaha/3929-Martha-St-68105/home/190780070
2024-05-19 15:43:04 +0000,RHONJ's Jackie Goldschneider Slammed for Teresa Giudice Birthday Post: 'Desperation',Real Housewives of New Jersey star Jackie Goldschneider was slammed after she posted a birthday tribute for costar Teresa Giudice following their …,https://www.miamiherald.com/entertainment/celebrities/article288575765.html
2024-05-19 15:36:49 +0000,Gold loan business is shining as regulatory scrutiny of sector grows,"Recent RBI actions many increase companies' operational cost for but there is enough headroom for growth, say experts",https://www.business-standard.com/finance/news/gold-loan-business-is-shining-as-regulatory-scrutiny-of-sector-grows-124051900584_1.html
2024-05-19 14:56:25 +0000,Barrick Gold Corp (NYSE:GOLD) Shares Sold by Meridian Wealth Management LLC,"Meridian Wealth Management LLC trimmed its position in Barrick Gold Corp (NYSE:GOLD - Free Report) (TSE:ABX) by 50.0% during the 4th quarter, ......",https://www.marketbeat.com/instant-alerts/nyse-gold-sec-filing-2024-05-19/
2024-05-19 14:43:49 +0000,The scramble for Antarctica's black gold,Deep beneath the harsh wasteland of the Antarctic shelf lies a prize hundreds of millions of years in the making.,https://www.dailymail.co.uk/news/article-13429229/The-scramble-Antarcticas-black-gold-Russian-discovery-huge-oil-reserves-UK-territory-Falkland-Islands-worlds-valuable-real-estate-Putin-Xi-eyeing-treasure-frozen-seas.html?ns_mchannel=rss
2024-05-19 14:39:11 +0000,There’s gold on your body right now,"Human hair contains traces of gold Gold is present in low levels throughout the Earth. It’s been found on every continent except Antarctica, as well as in the planet’s core, the oceans, plants, and humans, too. The average human body of about 150 pounds is said to contain about .2 milligrams of gold...",https://www.classiccitynews.com/post/there-s-gold-on-your-body-right-now
